show_id,registration_id,registered_by,sagir_id,dog_name_he,arena_id,class_id
1526,23792,230673,1017458,EROS,2503,390562
1526,23793,230673,1017460,ERIKA,2503,390565
1526,23794,230673,1017462,ENDORRA,2503,390563
1526,23797,227649,1024947,fabia,2503,390557
1526,23803,231298,1001148,,2506,392123
1526,23804,231298,1001154,,2506,392122
1526,23805,231298,1021783,,2506,392115
1526,23806,231236,113305,"גאוות ישראל מ",2508,392733
1526,23807,231236,1017977,גבריאלה,2508,392725
1526,23809,229507,1000221,,2503,391081
1526,23816,262200,1017594,Blue,2505,391844
1526,23822,264879,1022118,,2504,391269
1526,23824,0,1021295,Dave,2505,391732
1526,23825,264243,1004080,,2503,390564
1526,23826,256455,1000745,,2508,392826
1526,23835,227107,1009545,"Secret Eyes Only",2511,393637
1526,23836,248608,19148,,2507,392507
1526,23837,248608,152304,"margarita navarskaya",2507,392507
1526,23838,248608,1018792,"Orlando Bloom",2507,392500
1526,23839,248608,1020238,"Pearl Black Veronica",2507,392499
1526,23840,248608,1025240,,2507,392496
1526,23841,248608,1025245,,2507,392497
1526,23853,230884,1023197,Umalat,2505,391731
1526,23856,228843,16105,,2506,392013
1526,23857,228843,1000652,,2506,392010
1526,23859,228843,1023434,,2506,392003
1526,23867,248829,145862,ריי,2509,393210
1526,23879,263561,1020237,Patricua-Sophia,2507,392499
1526,23880,249938,1021164,,2508,392819
1526,23897,257871,1002839,Simba,2505,391642
1526,23899,230216,1014504,,2513,394442
1526,23900,230216,1020348,"Fifty Shades of Love",2513,394437
1526,23901,230216,1020352,"Fantastic Fame",2513,394435
1526,23906,250171,151399,דומינו,2503,390853
1526,23907,250171,1021283,טאקי,2503,390849
1526,23913,0,1005016,,2511,393559
1526,23914,0,1016619,,2511,393562
1526,23915,0,1022728,"Cheri Lady",2503,390689
1526,23916,0,1023185,Sansara,2511,393553
1526,23936,252069,141594,"BRIZA NB",2503,390693
1526,23937,252069,143228,Chessy,2503,390692
1526,23938,252069,1016724,,2503,390693
1526,23939,260164,1006380,"מגנום אופוס",2505,391510
1526,23942,229839,17458,,2506,392390
1526,23943,229839,1005226,,2506,392391
1526,23944,256593,1000890,"צ'ארלי CHARLIE",2503,390760
1526,23948,229963,1021978,"Latin Lover",2503,390608
1526,23949,229963,1002664,PANDA,2503,390613
1526,23957,231456,1019025,"Go Trophy Von",2504,391197
1526,23961,231265,1021472,MOLLY,2512,393987
1526,23969,230597,1017938,Mars-bono,2505,391510
1526,23970,260472,1006891,,2504,391178
1526,24009,265640,1020233,Mako Renji,2507,392498
1526,24010,264725,1021911,"AMANDA AURORA IGELE",2511,393715
1526,24012,261603,1016494,,2505,391637
1526,24026,262940,1019027,"Galaxy Von",2504,391192
1526,24027,258807,1004645,Takila,2505,391851
1526,24044,0,1005466,"Have A Nice Day",2503,390788
1526,24060,232162,139766,,2512,393883
1526,24061,232162,1016386,Richi,2512,393877
1526,24062,249127,1021964,,2513,394467
1526,24064,0,1018009,,2511,393637
1526,24080,230931,16592,,2512,393980
1526,24081,230931,141333,,2512,393978
1526,24082,230931,1011817,Miyoshi,2512,393972
1526,24083,230931,1020837,,2512,393957
1526,24084,230931,1020838,,2512,394260
1526,24098,257630,1025508,,2504,391291
1526,24101,263435,1021399,PABLO,2511,393554
1526,24102,263435,1025005,Valley,2511,393553
1526,24103,263435,1025208,,2511,393555
1526,24109,252070,1020562,,2503,390690
1526,24113,263165,1019377,אנזו,2511,393572
1526,24120,231113,16199,,2503,390698
1526,24121,231113,18320,,2503,390760
1526,24122,231113,1005059,,2503,390697
1526,24123,231113,1020792,Lucia,2503,390753
1526,24124,231113,18573,,2503,390761
1526,24125,231113,1001078,,2503,390692
1526,24130,258298,1003687,,2512,393926
1526,24131,258298,1022274,"cheri lady",2512,393923
1526,24143,262441,1017876,CASHEW,2511,393556
1526,24145,0,1023955,"תקומת קומראן",2509,393217
1526,24154,248789,1023691,,2511,393555
1526,24158,0,1008950,"Irish Cream My Love",2512,394133
1526,24169,0,144726,קישי,2508,392870
1526,24180,248524,1020070,אנג'ל,2505,391811
1526,24197,264056,1021029,,2508,392663
1526,24199,264272,1021362,"ARCHIBALD le BRAVE GARSON",2512,393778
1526,24208,259994,1006034,ג'ומה,2503,390852
1526,24229,265795,1023736,,2512,394307
1526,24238,261709,1016696,,2504,391270
1526,24270,260962,1009536,"Andantino Con Espressione",2503,390690
1526,24271,250596,1016241,,2512,394314
1526,24277,250254,18920,,2503,390776
1526,24281,0,1025491,,2512,394322
1526,24294,0,1019422,WACHO,2511,393570
1526,24295,0,1005970,"Valentino Romeo",2512,394250
1526,24296,0,1018898,OSKAR,2512,394230
1526,24297,0,1019574,DOLORES,2512,394229
1526,24298,0,1020388,TIARA,2512,394245
1526,24299,0,1020389,TREISY,2512,394243
1526,24300,0,1021287,"GRAYSON SALLY",2512,394226
1526,24301,0,1025439,,2512,394224
1526,24308,254568,1000290,,2504,391291
1526,24309,254568,1018785,,2504,391301
1526,24311,0,1021777,מרצ'לו,2504,391220
1526,24312,250542,19245,,2512,393847
1526,24313,250542,1022471,,2512,393843
1526,24314,250542,1023308,,2512,393842
1526,24315,256221,1003180,,2512,394266
1526,24316,256221,1006573,,2512,394263
1526,24317,256221,1021093,,2512,394261
1526,24318,256221,1021094,,2512,394262
1526,24319,256221,1025122,"Big Ben Ot",2512,394254
1526,24321,263579,1020296,CHELENTANO,2504,391236
1526,24322,250582,151502,"Simeni Kahotam Al Libeha",2513,394490
1526,24324,230928,149686,"Charming Cola",2504,391259
1526,24325,230928,1020061,,2504,391250
1526,24326,230928,1021079,,2507,392530
1526,24327,230928,1021080,,2507,392531
1526,24328,230928,1023210,,2504,391248
1526,24333,249490,1025388,,2504,391281
1526,24334,249490,19178,,2504,391307
1526,24335,249620,1005708,"Treasure of My Heart",2506,392166
1526,24336,264464,1021598,"Taira Black Gold",2506,392163
1526,24337,230203,1007080,שלי,2504,391301
1526,24338,230203,1021127,,2505,391509
1526,24339,230203,1024677,אייבי,2505,391507
1526,24340,263504,1021263,,2509,393218
1526,24344,259011,1004723,סופיה,2510,393431
1526,24345,0,1004722,פיליפה,2510,393431
1526,24347,0,1025655,Milo,2511,393550
1526,24349,260904,1023705,,2511,393571
1526,24350,265476,1023256,"Zehava Alsephina",2507,392467
1526,24351,231648,150325,,2504,391271
1526,24352,264151,1021130,,2508,392774
1526,24353,254342,1016717,,2512,394203
1526,24354,0,1005003,,2504,391290
1526,24355,253603,151873,סול,2511,393575
1526,24356,253603,1021464,,2512,394326
1526,24357,231946,148977,,2503,390569
1526,24358,231946,1019518,"BELL - בל",2503,390565
1526,24359,252094,1000133,,2506,392422
1526,24360,252094,1023300,,2506,392418
1526,24366,266036,1024113,,2508,392774
1526,24367,253924,152180,Gucci,2504,391335
1526,24368,264046,1021015,"Miss Pretzel Cheesy",2509,393267
1526,24375,260997,1010749,"My Smile",2512,394310
1526,24376,250079,1022948,,2512,393956
1526,24377,250079,1006660,,2512,394311
1526,24378,248609,1003156,,2504,391270
1526,24379,248609,1007092,פספוסה,2504,391269
1526,24380,248609,1021774,לוסי,2504,391219
1526,24381,248609,1022587,,2504,391285
1526,24382,248609,1023183,טוי,2504,391299
1526,24383,248679,126947,,2509,393228
1526,24384,256526,1000820,,2508,393083
1526,24385,256526,1018991,"Appolonius of Rhodes",2508,393078
1526,24386,256526,1023588,"Andarna dragon sun and shadows",2508,393075
1526,24387,0,1020686,"Black Hot Chili Bonnie",2504,391267
1526,24388,258433,1003977,Andromeda,2504,391200
1526,24389,259258,1005014,Ralphie,2511,393558
1526,24390,231096,1000159,,2509,393270
1526,24393,0,1017309,,2512,394090
1526,24394,0,1017310,,2512,394091
1526,24395,259290,1005069,,2504,391367
1526,24396,259600,1005502,,2508,392826
1526,24399,227264,1019403,,2512,393970
1526,24400,0,151652," Nisan Solaris",2512,393978
1526,24401,0,1017605,"EVA MARIA",2512,393973
1526,24402,0,1018797,,2512,394267
1526,24403,0,1018870,,2512,394262
1526,24403,0,1018870,,2512,394262
1526,24403,0,1018870,,2512,394262
1526,24404,0,1021183,,2512,393971
1526,24405,0,1025450,,2512,394257
1526,24408,257865,1002822,"Sam Samuel",2512,393914
1526,24409,232151,15556,,2511,393580
1526,24410,232151,1016562,,2511,393572
1526,24411,258844,1023806,"The Royal Favourite Kevin",2506,392160
1526,24412,264285,1021384,,2511,393590
1526,24414,249669,1017629,"Bella Fortuna bet on success",2506,392245
1526,24415,231888,151507,"STAR OF DAVID",2513,394490
1526,24424,265764,1023665,Atos,2512,393984
1526,24425,0,1011791,Nika,2512,393991
1526,24426,0,15155,,2504,391292
1526,24427,0,1011793,"Captain Good Hope of",2504,391300
1526,24428,0,1014769,"Beautiful Bloom of",2504,391303
1526,24429,0,1017121,,2504,391301
1526,24430,0,1024436,,2504,391299
1526,24431,230234,1020830,,2512,394084
1526,24432,230234,1022379,,2512,394083
1526,24434,230234,1024890,Abigail,2512,394081
1526,24436,0,1000748,COPPER,2512,394074
1526,24437,0,1024908,"Alaska- Alice",2512,394063
1526,24445,0,1007224,,2512,393879
1526,24446,0,1021591,,2512,393875
1526,24447,0,1024698,"Lancelot iz sholkovogo pyti",2512,393872
1526,24448,248836,19206,,2511,393578
1526,24449,248836,1000644,,2511,393578
1526,24450,250737,150811,MIKI,2512,394234
1526,24451,250737,1019032,,2512,394229
1526,24452,230290,16490,,2506,392028
1526,24453,230290,1002830,Antonio,2506,392026
1526,24454,230290,1003725,,2506,392027
1526,24455,230290,1016305,Gorgeous,2512,394084
1526,24456,230290,1023170,,2512,394083
1526,24457,230290,1023706,,2506,392018
1526,24458,230290,1024889,,2512,394080
1526,24459,230290,1025519,,2503,390623
1526,24460,228389,1016212,,2513,394437
1526,24461,228389,1020394,,2513,394436
1526,24462,228389,1023220,,2513,394435
1526,24463,227792,1000273,,2512,393963
1526,24464,227792,1025066,,2512,393954
1526,24465,264711,1021962,"Brilliance Gloria",2510,393363
1526,24466,230203,1024679,"איירון מן",2505,391506
1526,24467,256047,153381,אדלר,2511,393558
1526,24468,249574,19298,,2504,391334
1526,24469,230884,152673,,2505,391735
1526,24472,227593,1022476,CASPER,2506,392162
1526,24474,0,1017753,טומי,2512,394070
1526,24476,250495,1017114,Jasmin,2512,393941
1526,24481,231321,1022596,"Elsa New Star",2504,391331
1526,24483,229244,1004757,,2503,390776
1526,24484,0,1014796,,2504,391196
1526,24485,231240,145474,"wind of change",2513,394523
1526,24486,231240,1005036,,2513,394522
1526,24487,265972,1024014,Newton,2503,390928
1526,24488,231078,1003201,,2504,391306
1526,24489,231078,1016528,Maria,2504,391303
1526,24492,227461,1001140,"Hercules Tibo Courtois",2505,391402
1526,24493,227461,1020968,"ISR Vinicius Jr",2505,391394
1526,24494,231571,1000306,,2506,392010
1526,24496,227461,1025821,"DANCING IN THE MOONLIGHT",2505,391391
1526,24498,256055,1016559,שלי,2511,393557
1526,24499,261504,1016297,"Alhena Stream of Passion",2509,393253
1526,24500,0,1024449,,2503,390576
1526,24503,257754,1002685,CHASE,2503,390933
1526,24507,230203,142861,,2505,391511
1526,24508,261255,1012778,,2508,392759
1526,24511,248506,1016708,"Olympia Vinn Basmadottir",2513,394491
1526,24512,248867,18593,,2509,393275
1526,24513,248867,1024557,Artemis,2509,393265
1526,24518,230203,1024680,"אינדירו חיים",2505,391506
1526,24519,230203,1024681,איירו,2505,391506
1526,24520,0,1024678,"היי ליבי",2505,391507
1526,24521,250162,1025248,Annabelle,2512,394241
1526,24522,230948,1011745,Fauda,2505,391509
1526,24523,229296,152551,,2504,391303
1526,24526,266990,1025407,"Beloved Cherry Mulan",2511,393599
1526,24527,231031,1016374,Zoui,2512,394053
1526,24528,254495,148337,,2510,393370
1526,24529,231017,143918,,2511,393595
1526,24530,231017,148738,"Lady Elis",2511,393591
1526,24532,265288,1022914,ROKU,2503,390850
1526,24533,259867,1005838,Nira,2504,391335
1526,24535,267261,1025843,ARCHIE,2503,390764
1526,24536,0,1005223,,2504,391302
1526,24537,229244,1025845,AMBER,2503,390764
1526,24538,256794,146389,Harley,2512,393786
1526,24539,250308,1025848,AMOR,2503,390765
1526,24542,0,1020901,,2505,391508
1526,24543,250563,1020658,,2503,391141
1526,24544,231567,19036,,2508,392842
1526,24545,231567,1004696,,2508,392891
1526,24547,262071,1017412,Caesar,2508,392708
1526,24548,252124,1019288,BARBY,2508,392757
1526,24549,252124,1022685,ג'רי,2508,392755
1526,24550,227186,1000682,"Sean Connery",2504,391238
1526,24551,227186,1019611,,2504,391239
1526,24552,227186,1020297,"CHARLIZE THERON",2504,391237
1526,24554,266174,1022556,"BLACK POWER",2508,392755
1526,24555,230251,1017838,Chiara,2508,392759
1526,24556,230251,1017839,Kinder,2508,392757
1526,24557,266457,1024709,CASH,2506,392241
1526,24558,231080,19047,,2504,391339
1526,24560,266888,1024708,UNA,2506,392241
1526,24562,0,1005837,"Lagretha Nur",2504,391335
1526,24563,266514,1024775,"DULCINEA TOBOSO",2504,391235
1526,24564,265339,1023006,לילי,2505,391827
1526,24566,228304,1018103,"Celeste Chiara Spirito Vitale",2512,394083
1526,24567,230412,146763,אנג'י,2503,390853
1526,24568,230412,1016681,ג'יביק,2503,390850
1526,24569,256825,150673,תיאו,2504,391226
1526,24570,229364,1005952,ברונו,2507,392470
1526,24575,0,1001521,EMILY,2505,391847
1526,24576,0,1001522,ELISA,2505,391847
1526,24577,0,1022893,Harmony,2505,391843
1526,24579,0,1025572,Riley,2505,391503
1526,24580,259550,1005415,,2508,392618
1526,24583,0,1022612,נסי,2506,392131
1526,24584,249673,1004593,"Millennium Star",2506,392138
1526,24585,249673,1025849,,2506,392129
1526,24586,264235,1024539,Chess,2503,390848
1526,24587,250318,1022296,"Black Pearl Carmen Sky",2512,393779
1526,24589,249065,19021,,2511,393642
1526,24590,261648,1016584,,2511,393558
1526,24591,267215,1025784,"Marine Wolf",2505,391712
1526,24593,260266,1006542,Evgenia,2512,394069
1526,24594,248956,19244,,2510,393367
1526,24595,0,1010918,,2510,393364
1526,24599,265698,1023535,"Rachel Green",2507,392497
1526,24600,264133,1021108,,2510,393362
1526,24602,264210,1021206,"Charming Candy",2512,393861
1526,24603,257340,1001841,Sonic,2503,390868
1526,24604,266513,1024774,"DON VITO CORLEONE",2504,391234
1526,24606,248568,1024277,,2504,391168
1526,24607,261814,1017066,נני,2511,393573
1526,24608,261758,1016757,Leny,2508,392869
1526,24609,261758,1024843,Sakuya,2508,392865
1526,24610,230931,1022692,,2512,393971
1526,24611,230727,1005515,גורלה,2505,391735
1526,24623,0,141528,,2504,391338
1526,24625,230392,1000139,,2509,393271
1526,24626,230392,1016244,"King of The Castel",2509,393274
1526,24627,230392,1025187,,2509,393296
1526,24628,227186,1024776,DAENERYS,2504,391235
1526,24630,231713,153259,,2506,392170
1526,24631,231713,1020344,,2506,392163
1526,24632,231713,1024599,,2506,392164
1526,24633,0,1022834,"INTERNATIONAL AFFAIR",2509,393266
1526,24634,249211,144607,Bentley,2503,390888
1526,24640,0,19281,,2512,393895
1526,24641,0,1016532,,2512,393767
1526,24642,0,1016533,,2512,393899
1526,24643,0,1024233,"sweetchipepper cash",2512,393888
1526,24644,256553,1003636,Kira,2505,391511
1526,24648,250576,143995,Luciano,2504,391242
1526,24649,0,1015374,"YOU'RE SPARK OF LIFE",2504,391291
1526,24651,0,1022891,"Harley kira",2505,391843
1526,24653,264888,1022128,"Venom grey",2508,392866
1526,24660,227110,1017777,,2511,393636
1526,24661,230958,1019504,BRITNY,2512,393847
1526,24662,249945,145249,Leo,2508,392890
1526,24663,261080,1016709,"Venera Maria Bint Aziz",2513,394487
1526,24668,263252,1019505,"BINGO- BRED",2512,393844
1526,24669,265862,1023825,,2511,393591
1526,24670,266631,1024910,"ים שקט",2506,392128
1526,24671,231628,1025569,Ragnar,2505,391502
1526,24672,231628,1025571,Rhea,2505,391503
1526,24673,256377,1021908,ADONIS,2511,393714
1526,24676,259450,385702,,2509,393211
1526,24677,259450,1020571,,2509,393204
1526,24678,259450,1021793,מארי,2509,393203
1526,24679,249618,19111,,2506,392282
1526,24681,249127,1021866,,2510,393347
1526,24684,230216,148960,"Celestia Sunshine",2513,394443
1526,24685,264419,1021482,אלפי,2511,393606
1526,24688,0,131158,,2506,392077
1526,24689,0,141737,"פורטונאיס פאריטאל",2506,392075
1526,24690,231186,1007232,,2503,390937
1526,24691,231186,1016293,,2503,390933
1526,24692,231186,1022230,"Bring Home the Trophy",2503,390928
1526,24694,257762,1002693,"Dear Hermes",2504,391334
1526,24696,248542,1001178,,2506,392166
1526,24700,249149,1004690,,2505,391590
1526,24701,262267,1017661,,2512,393782
1526,24703,232153,143422,,2503,390697
1526,24704,0,1023834,מייפל,2510,393383
1526,24705,250629,1017670,"פלוקי floki",2503,390626
1526,24708,229152,16121,,2512,394108
1526,24709,228773,1001137,,2512,394107
1526,24710,228773,1025376,,2512,394096
1526,24711,228773,1025378,,2512,394096
1526,24714,230449,133756,,2503,390937
1526,24715,230449,147169,"Beam Me Up Scotty Of",2503,390933
1526,24716,230449,147172,"Abracadabra Of",2503,390932
1526,24726,249597,1019251,,2506,392390
1526,24727,260615,1007067,יונתן,2510,393348
1526,24728,230757,138438,,2503,390933
1526,24729,230757,1017647,"Desert's Fata Morgana",2503,390930
1526,24731,249912,1004980,Rojo,2508,393142
1526,24732,249912,1005995,,2508,392871
1526,24733,249912,1019616,Isabella,2508,393139
1526,24734,0,1002668,ARTEMIS,2513,394523
1526,24735,0,1010910,"Donatella Skywinds",2513,394519
1526,24736,0,1020988,"AMORE MIO",2506,392163
1526,24737,0,1024750,,2506,392163
1526,24738,0,149707,,2509,393258
1526,24739,231119,149710,,2509,393255
1526,24740,264840,1022059,"DOMINICA AUTUMN DREAM",2506,392451
1526,24741,231784,1004829,,2511,393610
1526,24742,231784,1019366,,2511,393605
1526,24747,262201,1017595,Chief,2505,391844
1526,24748,0,1022955,,2505,391955
1526,24749,248785,127469,,2504,391211
1526,24750,248785,151837,Charizard,2504,391207
1526,24751,248785,1014797,Dryada,2504,391197
1526,24752,248785,1025317,,2504,391189
1526,24754,231360,150924,"Coca Cola",2512,394091
1526,24755,0,1024169,,2512,394082
1526,24757,0,147066,מלק,2512,393930
1526,24758,231596,19292,,2506,392074
1526,24759,259110,1004846,,2504,391226
1526,24760,0,1018767,"Once Upon A Time",2511,393691
1526,24761,259891,1008856,ליזי,2506,392167
1526,24765,229549,1023781,Tessa,2504,391192
1526,24766,266136,1024252,Brand,2510,393362
1526,24767,264597,1021734,,2503,390930
1526,24768,263982,1020939,"Achilles Ivory Of New Era",2512,393778
1526,24770,0,1021806,,2503,390689
1526,24771,249454,1024672,,2505,391715
1526,24785,250117,146894,"JE TIAME",2504,391243
1526,24786,0,1021172,Thor,2505,391842
1526,24787,231031,1025710,Viva,2512,394047
1526,24789,260837,1021302,,2511,393573
1526,24790,254579,1000310,,2513,394524
1526,24791,231335,1021977,"STUART FABIOLA",2512,393875
1526,24792,260533,1021328,TZOKIT,2511,393555
1526,24795,231428,146146,"שינטואינו אקארי",2508,392843
1526,24796,231428,153296,Bunjirou,2508,392842
1526,24799,261900,1017182,,2512,393797
1526,24801,0,143665,סקיי,2511,393559
1526,24802,250093,1017234,"Cherry pie Luna",2512,393765
1526,24803,250093,1024117,,2512,393763
1526,24804,250093,1024118,,2512,393765
1526,24807,228758,1006589,Obelix,2505,391926
1526,24808,228758,1006592,Snatch,2505,391926
1526,24809,228758,1006600,בלה,2505,391927
1526,24811,251508,19692,,2503,390932
1526,24812,251853,1018632,מיי,2506,392163
1526,24813,227448,1016567,,2512,393844
1526,24823,229605,1001062,,2503,390713
1526,24824,0,1023739,,2503,390708
1526,24825,250467,151148,,2504,391303
1526,24827,232162,126718,,2505,391853
1526,24828,230901,1000235,,2509,393271
1526,24829,230901,1020078,,2509,393270
1526,24830,262918,1018995,נלה,2503,390913
1526,24831,0,146358,Yaha,2512,393979
1526,24832,0,152926,,2512,393978
1526,24833,0,1004834,,2512,393978
1526,24834,0,1021789,,2512,393970
1526,24835,0,1022839,,2512,393971
1526,24836,0,1026006,,2512,393968
1526,24837,231882,1000601,,2511,393658
1526,24839,227123,1017733,Nili,2506,392389
1526,24840,227123,1020655,"MINI COOPER",2506,392387
1526,24841,227123,1024589,Marco,2506,392390
1526,24844,0,1023987,,2504,391189
1526,24845,0,1021867,מיילו,2503,390688
1526,24846,0,1007062,,2513,394487
1526,24847,266421,1024637,,2503,390625
1526,24848,231921,1002550,,2507,392586
1526,24849,258455,1003999,,2512,393818
1526,24853,265292,1022920,Tokyo,2505,391845
1526,24854,228740,19279,,2506,392011
1526,24855,266657,1024948,,2504,391184
1526,24857,0,143218,,2503,391098
1526,24858,248541,1016508,,2505,391463
1526,24860,227264,1005065,,2512,393974
1526,24861,248975,144709,"Astarte Superior Lagertha",2510,393367
1526,24863,0,1002072,Loki,2505,391848
1526,24867,0,1023753,kali,2504,391331
1526,24869,250306,152382,bastianini,2510,393418
1526,24870,248592,149163,"NINA CRIES POWER",2513,394471
1526,24871,263981,1020937,"PRINCESS SANSA XENA BUFFY",2508,392659
1526,24872,0,1024830,"Zeya Black Night",2504,391267
1526,24873,0,1022272,,2509,393267
1526,24874,266450,1024700,"Apollo of",2511,393618
1526,24876,0,1018659,קטלינה,2505,391927
1526,24878,0,1005806,,2506,392311
1526,24880,262054,1017383,Corari,2508,392839
1526,24881,260154,1006370,"ALMOND COOKIES MOLLY",2511,393559
1526,24883,0,17279,,2507,392474
1526,24885,262269,1017662,"Rare Diamond",2512,394229
1526,24886,228467,1020987,"AHAVA SHELI",2506,392163
1526,24887,0,1021017,Archibald,2509,393266
1526,24888,0,1016747,,2505,391723
1526,24889,260274,1006551,,2506,392166
1526,24890,260274,1017985,"Bonita Favorite",2506,392167
1526,24891,260274,1023608,Adele,2506,392163
1526,24892,0,1006047,Snow,2508,392662
1526,24895,251740,151286,,2512,393786
1526,24896,257081,1001493,"APPLE BEAN PIE",2503,390933
1526,24897,265319,1022946,,2504,391302
1526,24898,265739,1023586,Aquelon,2508,393074
1526,24900,257780,1002722,געש,2508,392726
1526,24901,248765,142771,,2504,391206
1526,24902,0,1017103,"LORD LUX",2503,390626
1526,24903,229513,1004095,"Raini Sky",2511,393579
1526,24904,229513,1022309,"MYMBLE MAE",2511,393571
1526,24905,250474,1024401,"נובה 7/10",2507,392483
1526,24906,250239,1021012,Barny,2509,393267
1526,24907,227193,1021747,"Go Your Own Way",2506,392162
1526,24908,264608,1020910,"PANTHER King Of The Night",2508,393138
1526,24910,260200,1006455,אוריון,2503,391076
1526,24911,249079,18561,,2511,393718
1526,24912,264117,1021087,,2511,393554
1526,24915,250649,1000365,,2503,390693
1526,24915,250649,1000365,,2503,390693
1526,24916,0,1025751,Elvis,2503,390846
1526,24917,231142,19308,,2512,394090
1526,24918,231142,1002194,"Easy of Laslao",2512,394087
1526,24920,229863,150810,LINDA,2512,394235
1526,24922,230436,1020115,"Bold Spirit",2513,394482
1526,24923,0,1003176,"AMARI LOVE",2513,394486
1526,24937,0,1000231,,2512,394118
1526,24938,265791,1023716,,2505,391841
1526,24939,230776,1023108,תיאה,2505,391891
1526,24940,265696,1023532,"Ross Geller",2507,392496
1526,24942,0,1022026,,2511,393716
1526,24943,227322,1024021,Bell,2503,390929
1526,24946,254539,152662,"Charlize Chloe",2512,393847
1526,24947,251864,19728,,2511,393563
1526,24948,251864,1016789,,2511,393562
1526,24949,251864,1021402,Dior,2511,393555
1526,24950,0,1025145,"Migel mi Vida",2511,393598
1526,24951,0,1005468,,2511,393607
1526,24952,0,1019061,,2511,393604
1526,24952,0,1019061,,2511,393604
1526,24959,0,1019325,Jomolungma,2507,392471
1526,24967,250443,1000241,,2512,393930
1526,24968,250443,1020831,,2512,393927
1526,24969,231769,1001636,Damiano,2507,392534
1526,24970,231769,1023804,,2512,394067
1526,24971,231265,1000226,,2512,393995
1526,24972,231265,1000743,,2512,393994
1526,24973,231265,1006484,Maggie,2512,393991
1526,24974,231265,1007193,"Mona Lisa",2512,393989
1526,24975,229301,1001472,IRIS,2508,392775
1526,24976,250649,148563,"Elizabeth Eevee",2503,390697
1526,24979,0,1021470,ברונו,2512,393986
1526,24981,230988,1019093,Kleopatra,2506,392005
1526,24986,260741,1008504,,2507,392503
1526,24988,0,1018904,ADONIS,2508,393140
1526,24990,248887,146563,"Kesem Me Andi Kindred Spirit",2503,390616
1526,24991,260686,1007208,,2509,393271
1526,24993,250059,139608,"Stasil Star of",2504,391286
1526,24995,257394,1001906,LONA,2503,391079
1526,24996,230926,146581,Lili,2505,391739
1526,24997,230926,1021397,,2503,390690
1526,24998,265290,1022918,Goshen,2505,391844
1526,25000,231321,1026111,"Fortuna Laura",2504,391327
1526,25001,262048,1017372,Jaclyn_Zoe,2510,393365
1526,25002,227054,1004305,Trixy,2512,393883
1526,25003,228840,151473,"Agent Provocateur",2506,392010
1526,25004,228840,151474,"Always With You",2506,392011
1526,25005,228840,1022961,,2506,392003
1526,25007,231298,150297,,2506,392123
1526,25008,256550,1001031,"Aurora Utrenyaya Zarya",2512,394107
1526,25012,260693,1007223,,2512,394218
1526,25013,256352,1001513,,2503,390696
1526,25014,262820,1023787,,2511,393572
1526,25016,264316,1018860,Aphrodita,2511,393571
1526,25018,0,504809,,2513,394491
1526,25020,0,147773,"Qiana of Gemma",2504,391243
1526,25022,0,142557,"Ankor Style Oharming Mylo",2508,392874
1526,25023,227970,131365,ג'ינו,2505,391852
1526,25024,228733,18064,,2503,390616
1526,25025,228733,18713,,2503,390613
1526,25026,228733,152905,"Denver Col'Sasson",2503,390612
1526,25027,228733,1005302,"Sallah Shabati",2503,390964
1526,25028,228733,1016677,,2503,390610
1526,25029,228733,1019489,Ofra,2507,392469
1526,25030,228733,1024448,,2513,394467
1526,25031,228733,1025234,"October Rain",2503,390961
1526,25035,263271,1019525,,2511,393606
1526,25039,252055,1017181,"Bright Flame - Stella",2512,393797
1526,25041,231946,1019609,T-Rex,2503,391074
1526,25047,254180,1001225,,2505,391847
1526,25048,249639,144167,,2506,392135
1526,25049,264881,1022121,מיקה,2512,394067
1526,25050,264881,1024940,Elsa,2512,394207
1526,25051,230772,1022157,מוקה,2512,394131
1526,25052,250490,1006796,"Aidan Golden Boy",2512,393782
1526,25054,263351,1019606,,2507,392487
1526,25055,263351,1023813,,2507,392563
1526,25056,249661,145608,"גלוריה גאולה",2506,392007
1526,25057,230940,152421,Chupacabra,2503,391099
1526,25058,230940,1005058,Strom,2503,391095
1526,25059,227240,17414,,2509,393226
1526,25062,0,1002141,"Elements of Style",2512,393882
1526,25062,0,1002141,"Elements of Style",2512,393882
1526,25063,0,1021319,"Heart of Gold",2512,393875
1526,25064,263857,1020759,טוטו,2512,394324
1526,25067,0,1002595,"A TAL טל",2505,391511
1526,25068,0,1003732,Happy,2506,392075
1526,25073,0,1017785,,2512,393783
1526,25074,0,1019715,גריזל,2513,394484
1526,25076,257098,1001524,"APA אפה",2509,393270
1526,25077,0,1001639,"Diamante Nera",2507,392535
1526,25080,230911,152930,,2505,391847
1526,25081,230911,1004644,Glory,2505,391851
1526,25082,230911,1016966,Botten,2512,393877
1526,25083,230911,1020126,Crembo,2512,393876
1526,25084,230911,1020133,Twinkie,2512,393875
1526,25085,230911,1020134,Panda,2512,393875
1526,25086,230911,1021249,,2512,393876
1526,25087,230911,1023030,Apollo,2505,391842
1526,25088,0,1021709,Navy,2505,391843
1526,25089,231836,17961,,2507,392507
1526,25090,231836,1001014,CELESTE,2507,392503
1526,25091,231836,1023536,"Monica Geller",2507,392497
1526,25095,0,1021197,,2505,391413
1526,25096,0,1023355,בלוצ'קה,2512,393841
1526,25097,231936,1016337,"Bordeaux Agramer Kwan",2505,391604
1526,25098,264884,1022124,Tommy,2505,391490
1526,25099,0,1019570,"Diabolic Sun",2506,392227
1526,25100,266370,1024807,CORMACH,2505,391922
1526,25101,261462,1012747,בל,2508,392759
1526,25103,230163,1001080,MACHO,2512,393862
1526,25104,230163,1004249,Pita,2512,393867
1526,25105,230163,1016591,,2512,393862
1526,25106,230163,1024002,,2512,393863
1526,25108,249622,1005123,,2506,392250
1526,25109,254380,152771,"Handsome Khan",2504,391334
1526,25110,229924,1021389,,2503,390881
1526,25111,0,1016252,קווין,2505,391925
1526,25114,266037,1024114,,2507,392563
1526,25115,254563,1000278,,2512,394202
1526,25115,254563,1000278,,2512,394202
1526,25116,254563,1003996,,2512,394043
1526,25117,254563,1017286,"Loki Lucky Gnome",2512,394148
1526,25118,254563,1021727,"NIXIE NEALA BRIGHT STAR",2512,394035
1526,25119,267433,1026136,,2505,391731
1526,25120,267433,1026137,,2505,391731
1526,25121,267433,1026138,,2505,391730
1526,25122,267421,1026119,,2508,392757
1526,25127,0,1005983,Lucy,2503,391079
1526,25128,249429,18669,,2505,391606
1526,25129,255562,153092,זורו,2505,391850
1526,25133,227272,1000788,,2509,393227
1526,25134,227272,1023949,"HaTikva 6 Gibor Al",2509,393216
1526,25136,0,1019578,צ'יטה,2505,391731
1526,25137,0,1023775,Black,2505,391730
1526,25139,230908,1000198,,2505,391543
1526,25140,230908,1000532,"Blue Chanel",2505,391547
1526,25144,0,149234,טייסון,2503,390564
1526,25147,256566,1000861,צ'אמפי,2503,391082
1526,25148,0,1016566,,2503,390936
1526,25149,0,1021930,"Hocus Pocus It's a Magic",2503,390928
1526,25150,249050,1025828,"UBERTINA NB",2503,390685
1526,25152,0,151477,Sheffa,2513,394471
1526,25153,249938,151724,"Moonlight Path",2508,392827
1526,25154,229621,19258,,2503,390969
1526,25155,229621,125770,,2503,390619
1526,25156,229621,1016572,Loona,2512,393845
1526,25157,229621,1019017,"Look at Me",2503,390610
1526,25158,229621,1019018,Luminous,2503,390611
1526,25159,229621,1022178,"Fame and Fortune",2503,390961
1526,25160,0,1006684,סופיה,2505,391607
1526,25167,266170,1022555,"BLACK HARMONIE",2508,392755
1526,25168,258969,1006685,קיארה,2505,391607
1526,25169,0,1000651,,2504,391226
1526,25170,230216,148970,"Cupid Wings of Love",2513,394442
1526,25171,230216,1020349,"Fenix the Invincible",2513,394434
1526,25173,232152,153299,,2512,393883
1526,25174,232152,1016382,,2512,393876
1526,25174,232152,1016382,"גור ראשון",2512,393876
1526,25175,232152,1020780,Toy,2512,393875
1526,25176,229646,19170,,2503,390936
1526,25177,229646,140005,,2503,390933
1526,25178,229646,150766,"How Deep Is Your Love",2503,390857
1526,25179,229646,1005978,,2503,391146
1526,25180,229646,1018846,ברה,2503,390851
1526,25180,229646,1018846,"Beyond the Horizon",2503,390851
1526,25181,0,1016330,"Midnight Beuty",2503,390629
1526,25182,0,1025819,"Heart of Gold",2506,392383
1526,25183,264723,1021909,AURELIA,2511,393715
1526,25185,229592,1008853,"Firecracker Jinx",2511,393575
1526,25186,0,1003144,,2511,393574
1526,25187,256554,1023460,APOLO,2505,391490
1526,25188,256554,1023463,AGATHA,2505,391491
1526,25189,231960,385438,,2512,394139
1526,25190,262504,1017954,"Irving Pumpkintwist",2503,390688
1526,25191,228360,1006418,"Sunny Smile Ilon",2506,392294
1526,25192,228360,1006421,"Bringing Joy Ivetta",2506,392299
1526,25193,266658,1024949,,2504,391185
1526,25195,264679,1021845,,2507,392482
1526,25196,0,148999,CARMELLA,2508,392699
1526,25197,0,1022480,,2508,392690
1526,25198,0,1022483,"LUCKY SANTANGELLO",2508,392691
1526,25199,0,1022638,HERMIONE,2508,392755
1526,25200,0,1025190,,2508,392754
1526,25202,228033,126952,,2509,393228
1526,25203,228033,145453,"utah ridge",2509,393227
1526,25210,231504,1020729,violet,2503,390705
1526,25211,0,18310,,2503,390713
1526,25212,0,1002760,,2503,391127
1526,25213,0,1008795,"Captain Jack",2503,390708
1526,25214,0,1008796,Cheeta,2503,390709
1526,25215,0,1020730,scarlet,2503,390707
1526,25216,0,1025785,"Miracle Horizon",2505,391713
1526,25218,252134,1018994,"Adrastea Nemesida",2508,393175
1526,25219,265333,1022996,LANNER,2513,394466
1526,25221,265348,1022686,טום,2508,392754
1526,25223,229883,1020386,Lilu,2512,393875
1526,25224,0,150186,,2508,392923
1526,25225,0,1016372,"Gwyn Genever",2508,392922
1526,25227,0,1000267,,2506,392006
1526,25227,0,1000267,,2506,392006
1526,25228,256992,1021895,"COCO CHANEL",2512,394131
1526,25229,250532,147103,"מוניקה בלוצ'י",2512,393787
1526,25230,250532,1025960,"Bellatrix Lestrange",2512,393777
1526,25231,262105,1006413,Crystal,2505,391511
1526,25232,232009,19185,,2512,394139
1526,25233,232009,143424,"Hello! t's Me",2512,393835
1526,25234,231384,143222,"Coco Chanel",2512,394091
1526,25235,231384,1012383,"Cattleya Queen",2512,394085
1526,25236,231384,1019408,,2512,394084
1526,25239,250018,1002854,"Be happy amber",2512,394327
1526,25241,231954,128616,,2511,393581
1526,25242,251506,148326,,2505,391847
1526,25243,265884,1023852,"Jean Paul Gaultier",2512,393762
1526,25245,231502,150861,Ninja,2507,392490
1526,25246,254556,1000276,,2508,392618
1526,25247,254556,1016683,,2508,392613
1526,25248,227535,151663,,2503,390613
1526,25249,227535,1004007,,2503,390612
1526,25250,227535,1019455,Improver,2503,390610
1526,25251,0,1007206,,2504,391201
1526,25253,0,1017229,,2504,391194
1526,25254,231662,151087,,2512,394139
1526,25255,231662,1021980,"Love Is In The Air",2503,390609
1526,25256,248597,1002594,אמבוש,2505,391511
1526,25263,263620,1020392,,2511,393575
1526,25264,261608,1016499,Chief,2503,390850
1526,25268,0,150205,"bartley king of gypsies of glory-red",2510,393386
1526,25269,0,1002089,"PARIS HILTON OF",2511,393627
1526,25270,0,1006628,"Douze Points of",2511,393623
1526,25271,227112,1026120,,2508,392853
1526,25272,250167,19280,,2512,394219
1526,25273,250167,1018812,"Come As You Are",2512,393923
1526,25274,250167,1024592,,2512,394211
1526,25275,250167,1024782,,2512,394210
1526,25276,250167,1024938,Chimichurri,2512,394206
1526,25277,229146,144434,"Honey Bee",2508,392759
1526,25278,229146,150545,"Louis Vuitton",2508,392758
1526,25279,229146,1019672,"Uma Thurman",2508,392757
1526,25280,229146,1023458,Valentino,2508,392754
1526,25281,263825,1019565,"Daghan Daigh",2506,392226
1526,25282,0,1003052,לוקה,2503,390565
1526,25283,248622,142975,סיקרט,2511,393563
1526,25284,248622,1001970,"Amore Mia",2511,393575
1526,25285,248622,1016235,ערבה,2511,393559
1526,25286,248622,1022628,הרה,2511,393555
1526,25287,248622,1024684,,2511,393558
1526,25288,228159,19063,,2507,392475
1526,25289,228159,1000155,,2507,392586
1526,25290,228159,1000157,,2507,392587
1526,25291,228159,1004700,California,2507,392587
1526,25292,228159,1021168,Houston,2507,392469
1526,25293,230344,16405,,2512,394092
1526,25294,230344,148106,,2503,390712
1526,25295,230344,1020764,,2503,390851
1526,25296,0,1005403,,2505,391738
1526,25297,227905,148333,,2510,393371
1526,25298,227905,153496,Faddeus,2510,393366
1526,25299,227905,1000119,,2510,393367
1526,25300,227905,1001876,"Good Archibald",2510,393370
1526,25301,227905,1002940,"Hunter Bono",2510,393370
1526,25302,227905,1022299,,2510,393362
1526,25303,227905,17318,,2510,393368
1526,25304,227905,19188,,2510,393371
1526,25305,255730,152899,סימבה,2508,392710
1526,25306,0,1024887,ALMA,2512,394081
1526,25307,228159,1021163,Granada,2507,392581
1526,25309,0,1019021,"Grand Von",2504,391191
1526,25310,227687,138083,,2508,392887
1526,25311,249104,1005041,,2503,390853
1526,25312,257426,1001975,"Auguste Louis",2511,393574
1526,25314,266050,1024142,"COLT OSCAR",2504,391190
1526,25317,229060,1016691,משמש,2512,393925
1526,25318,262210,1017597,Dizel,2505,391844
1526,25319,0,148534,"Angie  ",2510,393367
1526,25320,253554,152294,בבתא,2504,391200
1526,25321,263677,1020521,"Chocolate factory Charlie AKA Charlie",2503,390848
1526,25322,227584,1018683,"feya is may",2506,392165
1526,25323,227584,1023547,"Posledni iz Maqikan",2506,392162
1526,25325,249332,1016588,,2509,393204
1526,25326,231159,122554,,2510,393419
1526,25327,0,151438,Bella,2509,393211
1526,25329,0,146479,,2508,392619
1526,25330,0,1021995,,2512,393988
1526,25331,228241,1000100,,2503,390856
1526,25332,231296,1026139,,2503,390852
1526,25333,230899,1021656,"Katyusha Silk Road",2512,393875
1526,25341,0,19113,,2511,393754
1526,25342,0,132620,,2513,394477
1526,25343,0,147021,"Zen Zodiac",2513,394475
1526,25344,0,1003057,"Fancy Tigres",2513,394474
1526,25345,0,1018599,"I Love Bamby",2513,394471
1526,25346,0,1020970,"ISR Hera the Queen",2505,391395
1526,25347,0,1021963,"Joy Twig",2513,394467
1526,25348,0,1005367,,2503,390857
1526,25349,0,1025817,Flash,2503,390846
1526,25350,227827,1018969,"Miss Dior",2506,392167
1526,25351,250186,143534,,2503,390693
1526,25352,250186,1000642,,2503,390693
1526,25353,250186,1016242,,2503,390692
1526,25354,267411,1026104,Sally,2503,390849
1526,25356,254559,148635,בל,2509,393271
1526,25357,254559,1025116,Contz,2509,393264
1526,25358,267048,1025488,,2503,390753
1526,25364,0,1018807,"Graifner Count Your Blessings",2511,393637
1526,25365,0,1025277,"Devil's Advocate",2511,393633
1526,25366,0,1025836,Everglow,2511,393631
1526,25367,0,1025837,"Everlasting Love",2511,393630
1526,25368,0,1025838,"Eye Catcher",2511,393630
1526,25369,228169,1021856,"Long Live The King",2503,391056
1526,25370,228169,1021860,"Late Night Talking",2503,391057
1526,25372,231039,1000362,,2506,392103
1526,25372,231039,1000362,,2506,392103
1526,25372,231039,1000362,,2506,392103
1526,25373,231039,1017672,,2506,392103
1526,25374,0,1019579,"ביל - BELL",2505,391733
1526,25376,251791,385779,,2503,390938
1526,25377,251791,1021875,,2503,390929
1526,25378,251791,1025490,,2503,390926
1526,25379,0,1023317,לואי,2503,390932
1526,25380,231063,1016749,,2512,393866
1526,25381,231063,1022927,Gloria,2512,393925
1526,25382,264024,1020331,KIM,2511,393589
1526,25383,0,1006460,"Benjamin Imperial Nobleman",2512,393860
1526,25384,0,1017708,"luxury sweets",2512,393972
1526,25385,261899,1017179,"Devil's Charm - Night",2512,393796
1526,25386,257581,17993,,2507,392522
1526,25387,257581,131107,,2507,392493
1526,25388,259212,1004956,Bear,2505,391414
1526,25389,230648,15660,,2508,392765
1526,25390,229667,145407,SAHRRAA,2508,392763
1526,25391,229667,1001242,,2508,392759
1526,25392,229667,1021375,GA-DE,2508,392755
1526,25393,229667,1021376,GISADA,2508,392755
1526,25394,229667,1024915,"Montain Crest",2508,392752
1526,25395,227675,19681,,2508,392714
1526,25396,227675,1000097,,2508,392715
1526,25397,227675,1021368,,2503,390612
1526,25401,0,133973,,2509,393275
1526,25402,0,147512,,2509,393270
1526,25403,227570,1025399,Terry,2512,393953
1526,25404,260424,1018769,Kanga,2511,393687
1526,25405,256170,1004352,"Pearl of",2504,391319
1526,25406,258515,1002946,Chicka,2510,393367
1526,25409,229069,143339,ארקוס,2503,390920
1526,25410,0,1022161,"ג'וי JOY",2512,393842
1526,25412,0,1017702,צ'יקיטה,2512,393909
1526,25413,258973,1004438,"Gold Prince",2503,390628
1526,25414,228016,1000242,,2503,390568
1526,25415,230534,1008774,,2513,394551
1526,25417,249996,148231,"זואי עמליה",2503,390567
1526,25418,249996,1024945,,2503,391071
1526,25420,266041,1019296,,2509,393269
1526,25421,266041,1026191,,2512,393781
1526,25423,228016,1001072,,2503,390565
1526,25424,229621,127067,,2508,392733
1526,25425,229621,1004103,"שקד בן מרחבים",2508,392726
1526,25426,257617,1002362,,2511,393559
1526,25427,258456,1004000,,2503,390933
1526,25428,252115,151551,nikita,2512,393991
1526,25429,252115,1019600,דונה,2512,393989
1526,25430,229745,1006809,,2504,391335
1526,25431,263604,1020347,"Freyja the Goddess",2513,394435
1526,25433,0,1026183,lollipop,2512,393859
1526,25438,0,1019279,,2503,390692
1526,25440,0,1024724,Newton,2512,394078
1526,25441,256358,152931,,2505,391851
1526,25442,256358,1016967,Thor,2512,393876
1526,25443,267471,1026207,"THE PHANTOM OF THE OPERA",2509,393266
1526,25445,262817,1018857,Alpha,2511,393570
1526,25452,254568,1025392,"Silver Ray of",2504,391280
1526,25453,231036,132032,,2504,391243
1526,25454,227905,1001884,Greise,2510,393367
1526,25456,0,1005198,"Istvan Deano",2510,393366
1526,25458,263219,1019469,kimbo,2503,390562
1526,25460,0,1025759,"Marsel Afina",2510,393359
1526,25461,229769,1026246,,2505,391732
1526,25462,257630,1026245,,2504,391281
1526,25463,230013,151974,"Roza Smaroza",2506,392247
1526,25464,258324,1003081,"The Royal Jasmine",2503,390933
1526,25465,267523,1026262,,2513,394417
1526,25467,266041,1025121,,2509,393267
1526,25468,0,1025316,,2503,390852
1526,25469,0,1025337,,2503,390853
1526,25470,256720,150534,,2508,392891
1526,25471,231844,1004826,"Unique of Kalmia",2504,391239
1526,25472,254309,1024432,,2512,394115
1526,25473,0,1001628,San,2505,391734
1526,25474,261734,1026310,CHICCA,2511,393713
1526,25475,265905,1023876,סאנשיין,2511,393571
1526,25476,267314,1025965,Manchego,2510,393358
1526,25477,262508,1017963,Kroif,2510,393364
1526,25478,267572,1026318,,2503,390910
1526,25479,230726,1026317,,2510,393378
1526,25480,265059,1022439,,2503,390754
1526,25481,231071,1024190,"Young Rising Star",2504,391266
1526,25482,231071,1024196,"Young Lady",2504,391299
1526,25483,0,1000916,ליצי,2512,393847
1526,25487,253731,152229,אודין,2505,391750
1526,25488,267482,1026221,"BRENDA WALSH",2506,392239
1526,25494,231071,1005898,"Vladermark The White",2504,391370
1526,25498,232153,151726,"Gold Astrid",2503,390693
1526,25499,249046,19117,,2511,393595
1526,25500,249046,19291,,2511,393594
1526,25501,227262,151746,Tesla,2508,392759
1526,25502,227262,1002724,,2508,392759
1526,25503,262385,1017787,,2503,390565
1526,25504,250604,1017683,"Chocopie from Alfayur",2512,393828
1526,25505,267092,1025570,Rollo,2505,391502
1526,25506,0,1020661,,2511,393591
1526,25507,249371,1021702,Rachel,2505,391843
1526,25508,250370,1000746,איבי,2512,394071
1526,25509,258851,1004508,"Glittered Isabella",2503,390789
1526,25510,250093,1026149,"Chicken Nuggets",2512,393759
1526,25511,250093,1026150,"Augustina Dazdraperma",2512,393759
1526,25515,258431,1003975,Angel,2504,391198
1526,25517,250677,148494,"Ava Marie",2508,392759
1526,25518,0,1005977,,2508,392779
1526,25521,0,1026344,Voodo,2503,390555
1526,25522,0,1026346,Karma,2503,390555
1526,25524,0,1025477,Bello,2503,390848
1526,25529,0,1017355,"Cate Blanchett",2506,392245
1526,25530,0,1017198,Luna,2503,391079
1526,25531,0,1020012,Angel,2503,391075
1526,25532,228733,1019495,Yaffa,2507,392467
1526,25533,231226,146536,,2503,390585
1526,25534,230535,1018804,"Now thats a song worth singing",2512,394131
1526,25535,230535,1020856,,2512,393834
1526,25536,230535,1025648,,2512,393826
1526,25537,0,1026220,"BRIGITTE BARDOT",2506,392239
1526,25539,0,1021614,Blum,2511,393587
1526,25540,0,1023731,,2511,393587
1526,25541,0,1023732,,2511,393587
1526,25542,0,1025938,רובי,2511,393567
1526,25544,256805,1023298,"LYSANDRA FOX",2512,394083
1526,25545,0,150925,"Cheer Me Up",2512,394087
1526,25546,266856,1025211,Sutchi,2513,394467
1526,25547,0,145349,,2505,391735
1526,25548,0,1010867,Selina,2505,391735
1526,25549,0,1017878,"Bonanza of blue sky",2503,390579
1526,25550,251514,151155,,2504,391367
1526,25554,267292,1025935,מייפל,2511,393567
1526,25555,231384,1026380,,2512,394081
1526,25556,231662,1017582,"Amica Donna Mia",2512,394133
1526,25557,260107,1006247,באגירה,2505,391735
1526,25558,253438,151567,דולסינאיה,2503,390693
1526,25559,258246,1020972,Kontrabanda,2507,392467
1526,25560,0,1026381,,2508,392759
1526,25561,250650,137919,"המלך חוסיין",2513,394486
1526,25562,250650,149030,"Kekeshem Hachaim Ninja",2513,394490
1526,25563,250650,1020676,Cobra,2513,394482
1526,25564,250650,1020679,Risha,2513,394483
1526,25565,250650,1020682,Kaya,2513,394483
1526,25567,262093,1021377,GIVENCHY,2508,392755
1526,25568,0,1017439,Farinelli,2508,392756
1526,25569,231126,1016636,,2512,393946
1526,25570,262052,1017380,Jun,2508,392773
1526,25572,0,1026379,,2503,390689
1526,25573,231236,1025390,,2504,391280
1526,25575,227065,1026382,,2506,392127
1526,25576,266654,1024937,"Ben Gurion",2512,394206
1526,25577,266654,1024941,Pola,2512,394207
1526,25578,0,1022593,"Elite Desert Bear",2504,391330
1526,25580,0,1019020,"Grifin Von",2504,391190
1526,25581,262634,1018644,,2505,391926
1526,25582,0,1015397,ALEXA,2512,394103
1526,25583,0,1015578,"NASIH ZAN PAUL",2512,394134
1526,25584,250160,1020938,"Arlanda Ivori Carmen",2512,393779
1526,25585,266682,1024996,Dona,2505,391841
1526,25586,266551,1024810,DEMASHQ,2505,391923
1526,25587,250449,1019743,"וופל - Waffle",2512,394066
1526,25588,267030,1025460,ג'וני,2511,393566
1526,25589,230237,19289,,2503,390696
1526,25591,0,151404,ששון,2505,391494
1526,25592,231036,1018929,"Z Oscar",2504,391236
1526,25593,0,1026316,,2503,390565
1526,25594,232154,1000742,,2511,393611
1526,25595,0,1025813,"Felicity Utah",2503,390847
1526,25596,228933,1016642,,2503,390856
1526,25598,0,1023374,מיילי,2508,392755
1526,25599,259337,1001751,Lenox,2505,391850
1526,25600,231811,15860,,2566,393805
1526,25601,0,1001549,"Dunia Djadira",2513,394491
1526,25604,0,151719,,2511,392471
1526,25605,0,1000646,,2504,391371
